doi,text
10.1080/07900627.2018.1558050,Abu; R.; Reed; M.G.; and Jardine; T.D. (Accepted). Demonstrating how to bridge science and indigenous knowledge to understand change in the Saskatchewan River Delta. International Journal of Water Resources Development.
10.1016/j.scitotenv.2018.07.410,Alcon; F.; Tapsuwan; S.; Brouwer; R.; Yunes; M.; Mounzer; O. and de-Miguel; M.D. (2019). Modelling farmer choices for water security measures in the Litana river basin in Lebanon. Science	of	the	Total	Environment;	647:	37-46.
10.1002/2016jd026125,Almonte J; Stewart RE. 2019. Precipitation transition regions over the southern Canadian Cordillera during Januaryâ€“April 2010 and under a pseudo-global warming assumption. Hydrol. Earth Syst. Sci. (Conditionally Accepted)
10.1016/j.apenergy.2019.01.147,Amjath-Babua; T.S.; Sharmab; B.; Brouwer; R.; Rasulb; G.; Wahide; S.M.; Neupaneb; N.; Bhattaraif; U. and Sieber; S. (2019). Integrated modelling of the impacts of hydropower projects on the waterfood-energy nexus in a transboundary Himalayan river basin. Applied Energy; 239: 494-503.
10.1016/j.apenergy.2019.01.147,Amjath-Babua; T.S.; Sharmab; B.; Brouwer; R.; Rasulb; G.; Wahide; S.M.; Neupaneb; N.; Bhattaraif; U. and Sieber; S. (2019). Integrated modelling of the impacts of hydropower projects on the waterfood-energy nexus in a transboundary Himalayan river basin. Applied Energy; 239: 494-503.
10.1088/1748-9326/aa9ead,Archibald; S.; C.E.R. Lehmann; C.M. Belcher; W.J. Bond; R.A. Bradstock; A.L. Daniau; K.G. Dexter; E.J. Forrestel; M. Greve; T. He; S.I. Higgins; W.A. Hoffman; B.B. Lamont; D.J. Mcglinn; G.R. Moncreiff; C.P. Osborne; J.G. Pausas; O. Price; B.S. Ripley; B.M. Rogers; D.W. Schwilk; M.F. Simon; M.R. Turetsky; G.R. Van der Werf; A.E Zanne. (2018). Biological and geophysical feedbacks with fire in the Earth System. Environmental Research Letters. 13:
10.1002/gch2.201800095,Asare E; Mantyka-Pringle C; Anderson; E; Belcher K; & Clark R. Quantifying Ecosystem Services for Agricultural Wetlands: A Global Review. Forthcoming.
10.5194/hess-22-3105-2018,Asong; Z. E.; Wheater; H. S.; Bonsal; B.; Razavi; S.; & Kurkute; S.; (2018); Historical drought patterns over Canada and their relation to teleconnections; Hydrology and Earth System Sciences; 22(6); 3105-3124.
10.1016/j.envsci.2019.06.014,Aziz T. and Van Cappellen; P. (2019). Comparative valuation of potential and realized ecosystem services in southern Ontario; Canada. Environmental Science and Policy. (Submitted and Under Review). i. Data will be published and a DOI assigned when the article is published.
10.1002/ecs2.2472,Barber; Q. E.; Parisien; M. A.; Whitman; E.; Stralberg; D.; Johnson; C. J.; Stâ€Laurent; M. H.; ... & Flannigan; M. D. (2018). Potential impacts of climate change on the habitat of boreal woodland caribou. Ecosphere; 9(10); e02472. doi
10.1139/er-2018-0101,Baulch; H.; J. Elliott; H. Wilson; M. Cordeiro; D. Lobb and D. Flaten. 2019 (in press). Soil and water management practices for agricultural nutrient mitigation in the Northern Great Plains. Environmental Reviews.
10.1139/er-2018-0101,Baulch; H.M.; Elliott; J.A.; Cordeiro; D.N.; Lobb; D.A.; Wilson; H.F. In press. Soil and water management practices: opportunities to mitigate nutrient losses to surface waters in the Northern Great Plains. Environmental Reviews.
10.1139/er-2018-0101,Baulch; H.M.; Elliott; J.A.; Cordeiro; D.N.; Lobb; D.A.; Wilson; H.F.; in press (2019). Soil and water management practices: opportunities to mitigate nutrient losses to surface waters in the Northern Great Plains. Environmental Reviews.
10.1175/JHM-D-18-0233.1,Ben Alaya; M. A.; F. W. Zwiers and X. Zhang; 2019b: Evaluation and comparison of CanRCM4 and CRCM5 to estimate probable maximum precipitation over North America. Submitted; Journal of Hydrometeorology.
10.1175/JHM-D-17-0110.1,Ben Alaya; M. A.; F. W. Zwiers; and X. Zhang; 2019a: Probable maximum precipitation in a warming climate over North America in CanRCM4 and CRCM5. Submitted; Climatic Change (in revision).
,Ben Alaya; M.A.; F.W. Zwiers and X. Zhang; 2019c: Should we expect extreme value theory to produce reliable estimates of long return period climate extremes. Submitted; Journal of Climate (In revision).
,Berg A. 2018. Monitoring soil moisture in situ and using a variety of satellite sensors. Sino- American Technology and Engineering Workshop. Smart Water Management. Tinjin; China. Presentation and conference paper (11 pages).
10.1109/IGARSS.2018.8517551,Berg; A.; Krafczek; M.; Clewley; D.; Whitcomb; J.; Akbar; R.; Moghaddam; M.; & McNarin; H. (2018; July). Contributions of Geophysical and C-Band SAR Data for Estimation of Field Scale Soil Moisture. In IGARSS 2018-2018 IEEE International Geoscience and Remote Sensing Symposium (pp. 6127-6130). IEEE.
,Bergstedt; H.; A. Bartsch; C. Duguay; B.M. Jones; and C.D. Arp. Influence of surface water on coarse resolution C-band backscatter: Implications for freeze/thaw retrieval from scatterometer data. Remote Sensing of Environment. In review.
10.1088/1748-9326/aaeaeb,Besnard S.; Carvalhais; N.; Arain; M.A.; Black; A.; Bruin; S.D. Buchmann; N.; Cescatti; A.; Chen; J.; Clevers; J.G.P.W.; Desai; A.R.; Gough; C.M.; Havrankova; K.; Herold; M.; HÃ¶rtnagl; L.; Jung; M.; Knohl; A.; Kruijt; B.; Krupkova; L.; Law; B.E.; Lindroth; A.; Noormets; A.; Roupsard; O.; Steinbrecher; R.; Varlagin; A.; Vincke; C.; & Reichstein; M. (2018). Quantifying the effect of forest age in annual net forest carbon balance. Environmental Research Letters; 13; 124018.
10.1088/1748-9326/aaeaeb,Besnard S.; Carvalhais; N.; Arain; M.A.; Black; A.; Bruin; S.D. Buchmann; N.; Cescatti; A.; Chen; J.; Clevers; J.G.P.W.; Desai; A.R.; Gough; C.M.; Havrankova; K.; Herold; M.; HÃ¶rtnagl; L.; Jung; M.; Knohl; A.; Kruijt; B.; Krupkova; L.; Law; B.E.; Lindroth; A.; Noormets; A.; Roupsard; O.; Steinbrecher; R.; Varlagin; A.; Vincke; C.; & Reichstein; M. (2018). Quantifying the effect of forest age in annual net forest carbon balance. Environmental Research Letters; 13; 124018.
10.1016/j.scitotenv.2018.10.341,Biagi; K. M.; Oswald; C. J.; Nicholls; E. M.; & Carey; S. K. (2019). Increases in salinity following a shift in hydrologic regime in a constructed wetland watershed in a post-mining oil sands landscape. Science of The Total Environment; 653; 1445-1457.
10.1016/j.scitotenv.2018.10.341,Biagi; K. M.; Oswald; C. J.; Nicholls; E. M.; & Carey; S. K. (2019). Increases in salinity following a shift in hydrologic regime in a constructed wetland watershed in a post-mining oil sands landscape. Science of The Total Environment; 653; 1445-1457.
,Black; KE and Baltzer; JL. Seasonal thaw and landscape position determine tall shrub function on the low arctic tundra. New Phytologist; in review.
10.1029/2017WR021876,Bocaniov; S.; and Scavia; D. (2018). Nutrient loss rates in relation to transport time scales in a large shallow lake (Lake St. Clair; USAâ€“Canada): Insights from a three dimensional model. Water Resources Research 54: 3825-3840.
10.1029/2019WR025019,Bocaniov; S.; Van Cappellen; P.; and Scavia; D. (2019). On the role of a large shallow lake (Lake St. Clair; USA-Canada) in modulating phosphorus loads to Lake Erie. Water Resources Research (in review; manuscript ID: 2019WR025019).
10.1139/facets-2017-0124,Bradford; L.E.A.; Vogel; T.; Lindenschmidt; K-E; McPhedran; K.; Strickert; G.E.H.; Fonstad; T.A.; and Bharadwaj; L.A. (2018) Co-design of water services and infrastructure for Indigenous Canada: A scoping review. FACETS.
10.3389/fenvs.2018.00129,Breen; S-P W.; Loring; P.A.; and Baulch; H.B. (2018) When a water problem is more than a water problem: Fragmentation; framing; and the case of agricultural wetland drainage. Frontiers in Environmental Science. 6:18.
10.3389/fenvs.2018.00129,Breen; S-P.; Loring; P.A.; Baulch; H. (2018). When a Water Problem Is More Than a Water Problem: Fragmentation; Framing; and the Case of Agricultural Wetland Drainage. Front. Environ. Sci.; 30 October 2018.
10.1093/erae/jby043,Brouwer; R. and Neverre; N. (2018). A global meta-analysis of groundwater quality valuation studies. European Review of Agricultural Economics.
10.1016/j.ecolind.2018.01.041,Brouwer; R.; Miraldo Ordens; C.; Pinto; R. and Condesso de Melo; M.T. (2018) Economic valuation of groundwater protection using a groundwater quality ladder based on chemical threshold levels. Ecological Indicators; 88: 292-304.
10.1016/j.ecolind.2018.01.041,Brouwer; R.; Miraldo Ordens; C.; Pinto; R. and Condesso de Melo; M.T. (2018) Economic valuation of groundwater protection using a groundwater quality ladder based on chemical threshold	levels.	Ecological	Indicators;	88:	292-304.
10.1029/2018JD028754,Cai; X.; Wang; X.; Jain; P.; & Flannigan; M. D. (2019). Evaluation of gridded precipitation data and interpolation methods for forest fire danger rating in Alberta; Canada. Journal of Geophysical Research: Atmospheres; 124(1); 3-17.
10.3390/f9040159,Campos-Ruiz; R.; Parisien; M. A.; & Flannigan; M. (2018). Temporal patterns of wildfire activity in areas of contrasting human influence in the Canadian boreal forest. Forests; 9(4); 159.
10.1016/j.foreco.2017.12.024,Chan; F.C.C. Arain; M.A. Khomik; M. Brodeur; J.J. Peichl; M. Restrepo-Coupe; N. Thorne; R. Beamesderfer; E. McKenzie; S. Xu; B. Croft; H.; Pejam M.; Trant J.; Kula M.; & Skubel R.; (2018). Carbon; water and energy exchange dynamics of a young pine plantation forest during the initial fourteen years of growth. Forest Ecology and Management; 410; 12â€“26.
10.1016/j.foreco.2017.12.024,Chan; F.C.C. Arain; M.A. Khomik; M. Brodeur; J.J. Peichl; M. Restrepo-Coupe; N. Thorne; R. Beamesderfer; E. McKenzie; S. Xu; B. Croft; H.; Pejam M.; Trant J.; Kula M.; & Skubel R.; (2018). Carbon; water and energy exchange dynamics of a young pine plantation forest during the initial fourteen years of growth. Forest Ecology and Management; 410; 12â€“26.
10.1002/eco.1987,Chasmer; L. E.; Devito; K. J.; Hopkinson; C. D.; & Petrone; R. M. (2018). Remote sensing of ecosystem trajectories as a proxy indicator for watershed water balance. Ecohydrology; 11(7); e1987.
10.1021/acs.estlett.8b00597,Chen;  L.-G.;  C.-Y  Hu;  M.M.P.  Tsui;  Q.  Wang;  J.P.  Giesy;  P.K.S.  Lam  and J.C.W. Lam.	2018. Perfluorobutanesulfonate Exposure Causes Durable and Transgenerational Dysbiosis of Gut Microbiota in Marine Medaka. Environ. Sci. Technol. Lett.; 2018; 5 (12); pp 731â€“738.
10.1175/JAS-D-18-0278.1,Cholette; M; H Morrison; J A Milbrandt and J M ThÃ©riault (2019): Parameterization of the bulk liquid fraction of ice in the Predicted Particle Properties (P3). Part I: Parameterization description and idealized tests; J. Atmos Sc.; 76; 561-582. doi.org/
10.1029/2018GL079306,Chu; H.; Baldocchi; D.D.; Poindexter; C.; Abraha; M.; Desai; A.R.; Bohrer; G.; Arain; M.A.; Griffis; T.; Blanken; P.D.; O'Halloran; T.L. & Thomas; R.Q. (2018). Temporal dynamics of aerodynamic canopy height derived from eddy covariance momentum flux data across North American flux networks. Geophysical Research Letters; 45(17); 9275-9287.
10.1029/2018GL079306,
10.1029/2018GL079306,Chu; H.; Baldocchi; D.D.; Poindexter; C.; Abraha; M.; Desai; A.R.; Bohrer; G.; Arain; M.A.; Griffis; T.; Blanken; P.D.; O'Halloran; T.L. & Thomas; R.Q. (2018). Temporal dynamics of aerodynamic canopy height derived from eddy covariance momentum flux data across North American flux networks. Geophysical Research Letters; 45(17); 9275-9287.
,Clark MG; Humphreys ER; Carey SK. The initial three years of carbon dioxide exchange between the atmosphere and a reclaimed oil sand wetland. Ecological Engineering (Accepted).
,Colli; M; M Stagnaro; L Lanza; R Rasmussen and J M ThÃ©riault (2019) Using snowfall intensity to Conway JP; Pomeroy JW; Helgason WD; Kinar NJ; (2018). Challenges in modelling turbulent heat fluxes to snowpacks in forest clearings; Journal of Hydrometeorology; 19: 1599 - 1616.
10.1175/JHM-D-18-0050.1,Conway JP; Pomeroy JW; Helgason WD; Kinar NJ; (2018). Challenges in modelling turbulent heat fluxes to snowpacks in forest clearings; Journal of Hydrometeorology; 19: 1599 - 1616.
10.1175/JHM-D-18-0050.1,Conway; J. P.; Pomeroy; J. W.; Helgason; W. D.; & Kinar; N. J. (2018). Challenges in Modeling Turbulent Heat Fluxes to Snowpacks in Forest Clearings. Journal of Hydrometeorology; 19(10); 1599-1616.
10.1016/j.scitotenv.2019.01.091,Costa D; Pomeroy JW; (2019). Preferential meltwater flowpaths as a driver of preferential elution of chemicals from melting snowpacks; Science of the Total Environment; 662: 110Â¬120.
,Costa D; Pomeroy JW; Wheater HS; (2018). A numerical model for the simulation of snowpack solute dynamics to capture runoff ionic pulses during snowmelt: the PULSE model; Advances in Water Resources; 122: 37 - 48.  0.1016/j.advwatres.2018.09.008.
10.2134/jeq2018.12.0440,Costa D.; Liu J.; Roste J.; Elliott J. The temporal dynamics of snowmelt nutrient release from snow- plant residue mixtures: an experimental analysis and process-based mathematical model development. Journal of Environmental Quality (Accepted; Mar. 30; 2019)
10.2134/jeq2018.12.0440,Costa D.; Liu; J.; Roste; J.; and Elliott; J.; 2019 (in press). The temporal dynamics of snowmelt nutrient release from snow-plant residue mixtures: an experimental analysis and process- based mathematical model development. Journal of Environmental Quality.
10.1016/j.scitotenv.2019.01.091,Costa D.; Pomeroy; J.W.; (2019). Preferential meltwater flowpaths as a driver of preferential elution of chemicals from melting snowpacks; Science of the Total Environment; 662: 110- 120.
10.2134/jeq2018.12.0440,Costa; D.; Liu; J.; Roste; J.; Elliott; J.; in press (2019). The temporal dynamics of snowmelt nutrient release from snow-plant residue mixtures: an experimental analysis and process-based mathematical model development. Journal of Environmental Quality.
10.1016/j.advwatres.2018.09.008,Costa; D.; Pomeroy; J.; and Wheater; H.. Dec.; 2018. â€œA Numerical Model for the Simulation of Snowpack Solute Dynamics to Capture Runoff Ionic Pulses during Snowmelt: The PULSE Model.â€ Advances in Water Resources 122: 37â€“48.
10.1002/hyp.13463,Costa;  D.; Pomeroy; J.; Baulch; H.; Elliott; J.; and  Wheater; H. 2019  (in press). Investigating  the dominant climate; soil; and human controls on snowmelt nutrient export in agricultural regions: development  and  testing  of  an  inverse modelling  approach  with equifinality control. Hydrological Processes.
10.1029/2018GL080720,Curry CC; Islam SU; Zwiers FE; DÃ©ry S. 2019. Atmospheric Rivers Increase Future Flood Risk in Western Canadas Largest Pacific River. Geophysical Research Letters; 46; 1651-1661;
10.1029/2018GL080720,Curry CL; Islam SU; Zwiers FW; DÃ©ry S J. 2019. Atmospheric rivers increase future flood risk in western Canada's largest Pacific River; Geophysical Research Letters; 46(3); 1651-1661;
10.1016/j.agwat.2018.06.006,David; C.; Lemke; R.; Helgason; W.; and Farrell; R. E. (2018). Current inventory approach overestimates the effect of irrigated crop management on soil-derived greenhouse gas emissions in the semi-arid Canadian Prairies. Agricultural Water Management; 208; 19â€“ 32.
10.1111/gcb.14641,Day NJ; Dunfield KE; Johnstone JF; Mack MC; Turetsky MR; Walker XJ; *White AL; & Baltzer JL (2019) Wildlife severity reduces richness and alters composition of soil fungal communities in boreal forests of western Canada. Global Change Biology.
,Day; NJ; *White; A; Cumming; SR; Johnstone; JF; Mack; MC; Turetsky; MR; Walker; XJ; Baltzer; JL. Edaphic factors promote forest resilience after a large fire. Journal of Ecology; in review.
10.1038/sdata.2018.299,Dayon; Anslow F. 2019. A long-term; temporally consistent; gridded daily meteorological dataset for northwestern North America. Scientific Data; 6; 180299;
10.1016/j.visinf.2019.03.003,Debajyoti Mondal; Manishankar Mondal; Chanchal K. Roy; Kevin A. Schneider; Yukun Li and Shisong Wang. Clone-World: A Visual Analytic System for Large Scale Software Clones. Journal of Visual Informatics; vol 3(1); pp.18-26; Elsevier; 2019.
,Debasish Chakraborti; Manishankar Mondal; Banani Roy; Chanchal K. Roy; Kevin A. Schneider. Optimized Storing of Workflow Outputs through Mining Association Rules. In Proc. of the IEEE BigData 2018; Seattle; USA; pp. 508-515; December 2018.
10.1002/eco.1955,Depante; M.; Petrone; R. M.; Devito; K. J.; Kettridge; N.; Macrae; M. L.; Mendoza; C.; & Waddington; J. M. (2018). Potential influence of nutrient availability along a hillslope: Peatland gradient on aspen recovery following fire. Ecohydrology; 11(5); e1955.
,Dixon; H.J.; Harrison; G.; Lister; A. and MacLatchy; D. (2019). Reproductive status of walleye (Sander vitreus) and lake whitefish (Coregonus clupeaformis) in two large; shallow subarctic lakes. Canadian J Fisheries Aquat Sci; in review
,Do; N.; and Razavi; S.; Correlation Effects in Global Sensitivity Analysis: A Generalized Variogram- based Framework for Models with Correlated Input Variables; submitted to Water Resources Research.
,Duguay; C.R. and J. Wang; 2019 (in press). Advancement in bedfast lake ice mapping from Sentinel-1 SAR data. Proceedings of 2019 IEEE International Geoscience & Remote Sensing Symposium; Yokohama; Japan; Japan (4 pages).
,E.E.	Wilcox; D. Keim; T. de Jong; *B. Walker; P. Mann; and P. Marsh. (2019). Birch shrubs increase frost table depth by advancing snowmelt timing in a shrub-tundra watershed north of Inuvik; NWT. Arctic Science; in review.
,Eamen; L.; Brouwer; R. and Razavi; S. The economic impacts of water supply restrictions due to climate and policy change: a transboundary river basin supply-side input-output analysis. Ecological Economics; under review.
,Eamen; L.; Brouwer; R.; and Razavi; S.; The Economic Impacts of Water Supply Restrictions due to Climate and Policy Change: a Transboundary River Basin Supply-Side Input-Output Analysis; submitted to Ecological Economics.
10.1002/ird.2200,Ebrahim; S.; H. Garmdareh; R. Malekian; A. Madani and R. Gordon. 2018. Simulation of nitrate-N leaching in no-till fields with DRAINMOD-N II in a cold-humid region. Irrigation and Drainage; 67(S2).
10.21273/HORTTECH04255-18,Eicher-Sodo; M.; R. Gordon; and Y. Zheng. 2019. Characterizing the phytotoxic effects of hydrogen peroxide on common microgreen species and lettuce cultivars. HortTechnology.
,Eitel; J.U.H.; Maguire; A.; Boelman; N. et al. incl. Sonnentag; O. (2019); Proximal remote sensing of tree physiology at the northern treeline: Do late-season changes in the photochemical reflectance index (PRI) respond to climate or photoperiod? Remote Sensing of Environment; 221; 340-350.
,Elliott; J.; 2019 (in press). Authoritative review of agricultural management practices for water quality protection on the Northern Great Plains.
,F.	Rezanezhad; C. M. Smeaton; L. A. Hug; G. B. Jensen; K. J. Krogstad; M. L. Macrae; C. P.R. McCarter; T. Milojevic; R. Mills; C. T. Parsons; W. Quinton; D. Rudolph; S. A. Safsari; S. Smith; H. Townsend; P. Van Cappellen. Winter Soil Processes: Knowledge; Gaps and Challenges. Will be submitted in May/June 2019 to: Frontiers in Environmental Science | Soil Processes.
10.1021/acs.est.8b03869,Feilong Li; Ying Peng; Wendi Fang; Florian Altermatt; Yuwei Xie; Jianghua Yang; and Xiaowei Zhang*. Application of Environmental DNA Metabarcoding for Predicting Anthropogenic Pollution in Rivers. Environ. Sci. Technol.; 2018; 52 (20); pp 11708â€“11719.
,Ferguson; G. and McIntosh; J.C. 2019. Comment on â€œGroundwater pumping is a significant unrecognized contributor to global anthropogenic element cyclesâ€. Groundwater 57: 82.
10.1029/2018GL078409,Ferguson; G.; McIntosh; J.C.; Grasby; S. E.; Hendry; M.J.; Jasechko; S.; Lindsay; M.B.J.; & Luijendijk; E. 2018. The persistence of brines in sedimentary basins. Geophysical Research Letters 45: 4851â€“4858.
10.1088/1748-9326/aae6d8,Ferguson; G.; McIntosh; J.C.; Perrone; D. and Jasechko; S.; 2018. Competition for shrinking window of low salinity groundwater. Environmental Research Letters 13: 114013. ERL Featured Article.
10.1088/1748-9326/aae6d8,Ferguson; G.; McIntosh; J.C.; Perrone; D.; Jasechko; S. (2018) Competition for shrinking window of low salinity groundwater. Environmental Research Letters.
10.1029/2018GL078409,Ferguson; G.;McIntosh; J.C.; Grasby; S.E.; Hendry; M.J.; Jasechko; S.; Lindsay; M.B.J.; and Luijendijk. (2018) The persistence of brines in sedimentary basins. Geophysical Research Letter. 45: 4851-4858.
10.1016/j.jhydrol.2018.06.037,Gharari; S.; and Razavi; S. (2018); Review and Synthesis of Hysteresis in Hydrology and Hydrological Modelling: Memory; Path-Dependency; or Missing Physics?; Journal of Hydrology; 566; 500-519
10.1038/s41467-018-05457-1,Gibson; C. M.; Chasmer; L. E.; Thompson; D. K.; Quinton; W. L.; Flannigan; M. D.; & Olefeldt; D. (2018). Wildfire as a major driver of recent permafrost thaw in boreal peatlands. Nature communications; 9(1); 3041.
10.1002/eco.1941,Gingras Hill; T.; Nwaishi; F. C.; Macrae; M. L.; Price; J. S.; & Petrone; R. M. (2018). Ecohydrological functioning of an upland undergoing reclamation on postmining landscape of the Athabasca oil sands region; Canada. Ecohydrology; 11(4); e1941.
10.1145/3331151,Golam Mostaeen; Banani Roy; Chanchal K. Roy and Kevin A. Schneider. Designing for Real-Time Groupware Systems to Support Complex Scientific Data Analysis. Journal Proceedings of the ACM on Human-Computer Interaction - EICS Volume 3; Issue EICS; 20 pages; June 2019 (to appear).
,Golam Mostaeen; Banani Roy; Chanchal K. Roy and Kevin A. Schneider. Fine-Grained Attribute Level Locking Scheme for Collaborative Scientific Workflow Development (2018). In Proc. of IEEE Conference on Service Computing (SCCâ€™18); pp. 273â€“277.
,Golam Mostaeen; Jeffrey Svajlenko; Banani Roy; Chanchal K. Roy and Kevin A. Schneider. On the Use of Machine Learning Techniques towards the Design of Automatic Code Clone Validation Tools. In Proc. of the 18th IEEE International Working Conference on Source Code Analysis and Manipulation (SCAM 2018); pp. 155-164.
10.5194/bg-2018-120,Granath G; Rydin H; Baltzer JL; Bengtsson F; Boncek N; et al. (2018) Environmental and taxonomic controls of carbon and oxygen stable isotope composition in Sphagnum across broad climatic and geographic ranges. Biogeosciences; doi.org/
10.2136/vzj2018.08.0150,Grant; K.N.; Macrae; M.L.; Rezanezhad; F.; Lam; W.V.; 2019. Nutrient leaching in soil affected by fertilizer application and frozen ground. Vadose Zone Journal.  https://
,Grant; K.N.; Macrae; M.L.and Ali; G.A. (2019). Differences in preferential flow with antecedent moisture conditions and soil texture: implications for subsurface P transport. Hydrological Processes (in press).
,Green; K. R.; Bohn; T. A.; and Spiteri; R. J. (2019). Direct function evaluation vs. lookup tables: when to use which? SIAM Journal on Scientific Computing; in press.
10.1145/3301320,Green; K.R.; and Spiteri; R.J. (2019). Extended BACOLI: Solving one-dimensional multiscale parabolic PDE systems with error control; ACM Transactions on Mathematical Software}; 45(1) 8.
10.1021/acsomega.8b02039,Gu; L.; Saran; R.; Yan; W.; Huang; P-J.J.; Wang; S.; Lyu; M.; Liu; J. Reselection Yielding a Smaller and More Active Silver-Specific DNAzyme; ACS Omega; 2018; 3; 15174-15181.
10.1016/j.envsoft.2019.07.007,Guillaume; J.; Jakeman; J.; Marsili-Libelli; S.; Asher; M.; Brunner; P.; Croke; B.; Hill; M.; Jakeman; A.; Keesman; K.; Razavi; S.; and Stigter; J.; Introductory Overview of Identifiability Analysis: a guide to evaluating whether you have the right type of data for your modeling purpose; submitted to Environmental Modelling & Software.
10.1109/TGRS.2017.2786158,Gunn; G.; C. Duguay; D. Atwood; J. King; and P. Toose; 2018. Observing scattering mechanisms of bubbled freshwater lake ice using polarimetric RADARSAT-2 (C-band) and UWScat (X-; Ku- band). IEEE Transactions on Geoscience and Remote Sensing; 56(5): 2887-2903;
10.1029/2018WR022668,Gupta; H.V.; and Razavi; S.; (2018); Revisiting the Basis of Sensitivity Analysis for Dynamical Earth Systems Models; Water	Resources	Research;	54.
10.1029/2018EF000867,Hallema; D. W.; Robinne; F. N.; & Bladon; K. D. (2018). Reframing the challenge of global wildfire threats to water supplies. Earth's Future; 6(6); 772-776.
,Han; M.; Mai; J.; Tolson; B.A.; Craig; J.R.; and Gaborit; E. (2019). Subwatershed-based lake and river routing products for hydrologic and land surface models applied over Canada. (Manuscript in preparation.)
10.1139/cjfr-2018-0293,Hanes; C. C.; Wang; X.; Jain; P.; Parisien; M. A.; Little; J. M.; & Flannigan; M. D. (2018). Fire-regime changes in Canada over the last half century. Canadian Journal of Forest Research; 49(3); 256-269.
10.1175/JHM-D-18-0039.1,Harder P; Helgason WD; Pomeroy JW; (2018). Modeling the Snowpack Energy Balance during Melt under Exposed Crop Stubble; Journal of Hydrometeorology; 19(7): 1191 - 1214.
10.5194/hess-23-1-2019,Harder P; Pomeroy JW; Helgason WD; (2019). A simple model for local-scale sensible and latent heat advection contributions to snowmelt; Hydrology and Earth System Sciences; 23: 1 - 17.
10.1175/JHM-D-18-0039.1,Harder; P.; Helgason; W.; and Pomeroy; J.; 2018. Modelling the snowpack energy balance during melt under exposed crop stubble. Journal of Hydrometeorology 19 (7): 1191â€“1214.
10.5194/hess-23-1-2019,Harder; P.; Pomeroy; J. W.; Helgason; W. (2019). A simple model for local scale sensible and latent heat advection contributions to snowmelt. Hydrol. Earth Syst. Sci. 23 (1); 117.
10.1080/07011784.2019.1575774,Harder; P.; Pomeroy; J.; and Helgason; W. (2018) Implications of stubble management on snow hydrology and meltwater partitioning. Canadian Water Resources Journal.
10.1002/hyp.13248,Harrington JS; Mozil A; Hayashi M; Bentley LR. 2018. Groundwater flow and storage processes in an inactive rock glacier. Hydrological Processes; 32: 3070-3088.
10.1016/j.jenvman.2018.11.016,Hassanzadeh; E.; Strickert; G.; Morales-Marin; L.; Noble; B.; Baulch; H.; Shupena-Soulodre; E.; Lindenschmidt; K.-E. (2019) A framework for engaging stakeholders in water quality modeling and management: Application to the Qu'Appelle River Basin; Canada. Journal of EnvironmentalManagement  231:	1117â€“1126. https://dx.doi.org/
10.20383/101.035,He J; Hayashi M. 2019. Lake O'Hara alpine hydrological observatory: Hydrological and meteorological dataset; 2004-2017. Earth System Science Data; 11: 111-117.
10.1093/nar/gky807,He; Y.; Chen; D.; Huang; P-J. J.; Zhou; Y.; Ma; L.; Xu; K.; Yang; R.; Liu; J. Misfolding of a DNAzyme for Ultrahigh Sodium Selectivity Over Potassium; Nucleic Acids Res; 2018; 46; 10262- 10271.
10.5194/essd-2018-45,HernÃ¡ndez-HenrÃ­quez MA; Sharma AR; Taylor M; Thompson HD; DÃ©ry SJ. 2018. The Cariboo Alpine Mesonet: Sub-hourly hydrometeorological observations of British Columbiaâ€™s Cariboo Mountains and surrounding area since 2006. Earth System Science Data; 10; 1655â€“1672.
10.5194/essd-10-1655-2018,HernÃ¡ndez-HenrÃ­quez; M A; Sharma; A R; Taylor; M; Thompson; H D and DÃ©ry; S J (2018) The Cariboo Alpine Mesonet: Sub-hourly hydrometeorological observations of British Columbia's Cariboo Mountains and surrounding area since 2006; Earth System Science Data; 10; 1655-1672;
10.1016/j.ecolind.2018.08.017,Ho; E. (2018). Criteria-based ranking (CBR): A comprehensive process for selecting and prioritizing monitoring indicators. MethodsX; 5: 1234-1329. J8. Ho; E.; Eger; S.; and Courtenay; S. (2018). Assessing current monitoring indicators and reporting for cumulative effects integration: A case study in Muskoka; Ontario; Canada. Ecological Indicators; 95: 862-876.
10.1002/eco.1942,Hokanson; K. J.; Moore; P. A.; Lukenbach; M. C.; Devito; K. J.; Kettridge; N.; Petrone; R. M.; ... & Waddington; J. M. (2018). A hydrogeological landscape framework to identify peatland wildfire smouldering hot spots. Ecohydrology; 11(4); e1942.
,Hu; D.; I.-C. Lou; M. Guo; W.-K. Ung; Y.-J. Kong; K.-M. Mok; J.P. Giesy and S.; M.-Y. Lee. 2018. Temporal Changes in Microbial Community Composition in Eutrophic Reservoirs of Macau Determined by 16s rRNA Gene Sequences and Viral Metagenomics. (2018). Nature: Scientific Reports (In Press).
10.3389/fchem.2019.00198,Hu; S.; Huang; P-J.J.; Wang; J.; Liu; J. Phosphorothioate DNA Mediated Sequence-Insensitive Etching and Ripening of Silver Nanoparticles; Frontiers in Chemistry; 2019; in press.
10.1021/acs.biochem.8b00900,Huang; P-J.J.; Moon; W.J.; Liu; J. Instantaneous Iodine-Assisted DNAzyme Cleavage of Phosphorothioate RNA; Biochemistry; 2019; 58; 422-429.
10.1029/2018WR023815,Ilampooranan; I.; Van Meter; K. J.; & Basu; N. B. (2019). A Race against Time: Modelling Time Lags in	Watershed	Response.	Water	Resources	Research;	55.
10.1029/2018JG004716,Ingram; R. C.; Moore; P. A.; Wilkinson; S.; Petrone; R. M.; & Waddington; J. M. (2019). Postâ€fire soil carbon accumulation does not recover BOREAL peatland combustion loss in some hydrogeological settings. Journal of Geophysical Research: Biogeosciences.
10.5194/hess-23-811-2019,Islam SU; Curry CL; DÃ©ry SJ; Zwiers FW. 2019. Quantifying projected changes in runoff variability and flow regimes of the Fraser River Basin; British Columbia. Hydrology and Earth System Sciences;23; 811-828;
10.5194/hess-23-811-2019,Islam SU; Curry CL; DÃ©ry SJ; Zwiers FW. 2019. Quantifying projected changes in runoff variability and flow regimes of the Fraser River Basin; British Columbia; Hydrology and Earth System Sciences; 23; 811-828;
,Jawed; Z. and Krantzberg; G. (2019). A comparative analysis of practitioners' experience in sediment remediation projects to highlight best practices; Water Quality Research Journal; 54(1); 10-33.
,Jawed; Z. and Krantzberg; G. (2019). A Decision Support System Framework for Contaminated Sediment Management; Great Lakes Research Journal Special Edition (Submitted and Under Review)
,Jawed; Z. and Krantzberg; G. (2019). Public Participation in Sediment Remediation Projects: Encouraging Transparent Decision-Making; Journal of Environmental Sciences and Policy (Submitted and Under Review)
10.3316/QRJ0902027,Jawed; Z. and Krantzberg; G. (2019). Using Qualitative Document Analysis to Understand Sediment Remediation Policies in North America; Water Quality Research Journal (Accepted and under final revisions)
,Jenny; J.P.; Anneville; O.; Baulaz Y.; Bouffard; D.; Domaizon; I.; Dunlop; E.; Dur; G.; Bocaniov; S.; ChÃ¨vre; N.; Maria; D.; Dorioz; J.M.; Guillard; J.; Gregory-Eaves; I.; Jawed Z.; Jamoneau; A.; Jacquet; S.; Jeppesen; E.; Krantzberg; G.; Lenters; J.; Leoni; B.; Meybeck; M.; Nava; V.; NÃµges; T.; NÃµges; P.; Patelli; M.; Twiss; M.; Pebbles; V.; Marie-Elodie; M.; Thibault; G.; Uzarski; D.; Ruetz; C.; Rudstam; L.; Salmaso; N.; Sapna; S.; Straile; D.; Tammeorg; O.; Twiss; M.; Ventela; A.M.; Vincent; W.V.; Wilhelm; S.W.; WÃ¤ngberg; S.A.; Weyhenmeyer; G. (2019). Scientistsâ€™ warning to humanity: sentinel of degradation from the worldâ€™s great lakes (Plans to submit to the Journal of Great Lakes Research; Special Edition; May 2019)
,Jitnikovitch; P. Marsh; *B. Walker; D. Deilets. (2019). Ground-based cosmic ray sensors for the continuous measurement of Arctic snow accumulation and melt. Arctic Science; in preparation.
,Judith F. Islam; Manishankar Mondal; Chanchal K. Roy and Kevin Schneider; "Comparing Bug Replication in Regular and Micro Code Clones"; In Proc. of the 27th IEEE/ACM International Conference on Program Comprehension (ICPC 2019); Montreal; May; 2019; 12 pp. (to appear).
10.1016/j.envsoft.2019.03.007,Kahsay; T.; Arjoon; D.; Kuik; O.; Brouwer; R.; Tilmant; A.; van der Zaag; P. (2019). A hybrid partial and general equilibrium modeling approach to assess the hydro-economic impacts of large damsâ€“the case of the Eastern Nile River basin. Environmental Modelling and Software; 117: 76-88.
10.1007/s11269-017-1847-7,Kahsay; T.; Kuik; O.; Brouwer; R.; van der Zaag; P. (2018). The transboundary impacts of trade liberalization and climate change on the Nile Basin economies and water resource availability. Water Resources Management; 32(3): 935-947.
,Kang; K.-K.; M. Hoekstra; M. Foroutan; A.M. Chegoonian; K. Zolfaghari; and C.R. Duguay; 2019 (in press). Operating procedures and calibration of a hyperspectral sensor onboard a remotely piloted aircraft system for water and agriculture monitoring. Proceedings of 2019 IEEE International Geoscience & Remote Sensing Symposium; Yokohama; Japan (4 pages).
,Kawser Wazed; Banani Roy; Chanchal K. Roy and Kevin A. Schneider. CroLSim: Cross Language Software Similarity Detector Using API Documentation. In Proc. of the 18th IEEE International Working Conference on Source Code Analysis and Manipulation (SCAM 2018); pp. 139-148.
10.1088/2515-7620/ab37e7,Kay ML; JA Wiklund; *CR Remmer; *LK Neary; K Brown; A Ghosh; E MacDonald; K Thomson; JM Vucic; K Wesenberg; BB Wolfe and RI Hall. Bi-directional hydrological changes in perched basins of the Athabasca Delta (Canada) in recent decades caused by natural processes. Environmental Research Letters.
10.1101/674325,Kehoe; MJ; Ingalls; B; Venkiteswaran; J; Baulch H. Forecasting of harmful cyanobacteria blooms with high frequency lake data. Submission to Environmental modelling & software in May 2019 (currently in coauthor review).
10.1038/s41598-019-40033-7,Kettridge; N.; Lukenbach; M. C.; Hokanson; K. J.; Devito; K. J.; Petrone; R. M.; Mendoza; C. A.; & Waddington; J. M. (2019). Severe wildfire exposes remnant peat carbon stocks to increased post-fire drying. Nature Scientific reports; 9(1); 3727.
10.1016/j.rse.2018.05.028,King; J.; C. Derksen; P. Toose; A. Langlois; C. Larsen; J. Lemmetyinen; P. Marsh; B. Montpetit; A. Roy; N. Rutter; and M. Sturm. (2018). The influence of snow microstructure on dual- frequency radar measurements in a tundra environment. Remote Sensing of Environment.
10.1175/BAMS-D-18-0268.1,Knox; S.H.; Jackson; R.B.; Poulter; B. et al. incl. Sonnentag; O. FLUXNET-CH4 Synthesis Activity: objectives; observations; and Future Directions. Bulletin of the American Meteorological Society; in review
10.1080/07055900.2019.1576023,Kochtubajda; B.; Stewart; R. E.; Flannigan; M. D.; Bonsal; B. R.; Cuell; C.; & Mooney; C. J. (2019). An Assessment of Surface and Atmospheric Conditions Associated with the Extreme 2014 Wildfire Season in Canadaâ€™s Northwest Territories. Atmosphere-Ocean; 1-18.
10.1002/hyp.13347,Kokulan; V.; Macrae; M.L.; Ali; G.A.; and Lobb; D.A. (2018). Hydroclimatic controls on runoff activation in an artificially drained; near-level vertisolic clay landscape in a Prairie climate. Hydrological Processes; 33(4); 602-615.
,Kokulan; V.; Macrae; M.L.; Lobb; D.A. and Ali; G.A. Contribution of different flowpaths to hydrochemical export in the Northern Great Plains. Journal of Environmental Quality (in press).
10.1002/hyp.13292,Kompanizare; M.; Petrone; R. M.; Shafii; M.; Robinson; D. T.; & Rooney; R. C. (2018). Effect of climate change and mining on hydrological connectivity of surficial layers in the Athabasca Oil Sands Region. Hydrological Processes; 32(25); 3698-3716.
10.1002/hyp.13292,Kompanizare; M.; Petrone; R.; Shafii; M.; Robinson; D.; Rooney; R.; â€œEffect of climate change and mining on hydrological connectivity of surficial layers in the Athabasca Oil Sands Regionâ€. Hydrological Processes (2018) 32(25); pp. 3698-3716.
,Krantzberg; G. (2019). Stormwater as an Asset: Perspectives on Climate Change Resilience and Infrastructure Innovations. Renew Canada.
,Krinner G; Derksen C; Essery R; Flanner M; Hagemann S; Clark M; Hall A; Rott H; Brutel-Vuilmet C; Kim H; MÃ©nard CB; Mudryk L; Thacheray C; Wang L; Arduini G; Balsamo G; Bartlett P; Boike J; Boone A; ChÃ©ruy F; Colin J; Cuntz M; Dai Y; Decharme B; Derry J; Ducharne A; Dutra E; Fang X; Fierz C; Ghattas J; Gusev Y; Haverd V; Kontu A; Lafaysse M; Law R; Lawrence D; Li W; Marke T; Marks D; MÃ©nÃ©goz M; Nasonova O; Nitta T; Niwano M; Pomeroy J; Raleigh MS; Schaedler G; Semenov V; Smirnova TG; Stacke T; Strasser U; Svenson S; Turkov D; Wang T; Wever N; Yuan H; Zhou W; Zhu D. 2018. ESM-Snow MIP: assessing snow models and quantifying snow-related climate feedbacks; Geoscientific Model Development; 11: 5027 - 5049.
,Krinner G; Derksen C; Essery R; Flanner M; Hagemann S; Clark M; Hall A; Rott H; Brutel-Vuilmet C; Kim H; MÃ©nard CB; Mudryk L; Thacheray C; Wang L; Arduini G; Balsamo G; Bartlett P; Boike J; Boone A; ChÃ©ruy F; Colin J; Cuntz M; Dai Y; Decharme B; Derry J; Ducharne A; Dutra E; Fang X*; Fierz C; Ghattas J; Gusev Y; Haverd V; Kontu A; Lafaysse M; Law R; Lawrence D; Li W; Marke T; Marks D; MÃ©nÃ©goz M; Nasonova O; Nitta T; Niwano M; Pomeroy J; Raleigh MS; Schaedler G; Semenov V; Smirnova TG; Stacke T; Strasser U; Svenson S; Turkov D; Wang T; Wever N; Yuan H; Zhou W; Zhu D; (2018). ESM-Snow MIP: assessing snow models and quantifying snow-related climate feedbacks; Geoscientific Model Development; 11: 5027 - 5049.
,Krinner G; Derksen C; Essery R; Flanner M; Hagemann S; Clark M; Hall A; Rott H; Brutel-Vuilmet C; Kim H; MÃ©nard CB; Mudryk L; Thacheray C; Wang L; Arduini G; Balsamo G; Bartlett P; Boike J; Boone A; ChÃ©ruy F; Colin J; Cuntz M; Dai Y; Decharme B; Derry J; Ducharne A; Dutra E; *Fang X; Fierz C; Ghattas J; Gusev Y; Haverd V; Kontu A; Lafaysse M; Law R; Lawrence D; Li W; Marke T; Marks D; MÃ©nÃ©goz M; Nasonova O; Nitta T; Niwano M; Pomeroy J; Raleigh MS; Schaedler G; Semenov V; Smirnova TG; Stacke T; Strasser U; Svenson S; Turkov D; Wang T; Wever N; Yuan H; Zhou W; Zhu D; (2018). ESM-Snow MIP: assessing snow models and quantifying snow-related climate feedbacks; Geoscientific Model Development; 11: 5027 - 5049.
10.5194/gmd-11-5027-2018,Krinner; G.; Derksen; C.; Essery; R.; Flanner; M.; Hagemann; S.; Clark; M.; Hall; A.; Rott; H.; Brutel- Vuilmet; C.; Kim; H.; MÃ©nard; C.B.; Mudryk; L.; Thacheray; C.; Wang; L.; Arduini; G.; Balsamo G; Bartlett P; Boike J; Boone A; ChÃ©ruy F; Colin J; Cuntz M; Dai Y; Decharme B; Derry J; Ducharne A; Dutra E; *Fang X; Fierz C; Ghattas J; Gusev Y; Haverd V; Kontu A; Lafaysse M; Law R; Lawrence D; Li W; Marke T; Marks D; MÃ©nÃ©goz M; Nasonova O; Nitta T; Niwano M; Pomeroy J; Raleigh MS; Schaedler G; Semenov V; Smirnova TG; Stacke T; Strasser U; Svenson S; Turkov D; Wang T; Wever N; Yuan H; Zhou; Zhu D; (2018). ESM-Snow MIP: assessing snow models and quantifying snow-related climate feedbacks; Geoscientific Model Development; 11: 5027 - 5049.
,Krogh S; Pomeroy J; (2019). Impact of future climate and vegetation on the hydrology of an Arctic headwater basin at the tundra-taiga transition; Journal of Hydrometeorology; 20: 197 - 215.  0.1175/JHM-D-18-0187.1.
10.5194/hess-22-3993-2018,Krogh SA; Pomeroy JW; (2018). Recent Changes to the Hydrological Cycle of an Arctic basin at the Tundra-Taiga Transition; Hydrology and Earth System Sciences; 22: 3993 - 4014.  org/
10.5194/hess-22-3993-2018,Krogh; S. A.; & Pomeroy; J. W. (2018). Recent changes to the hydrological cycle of an Arctic basin at the tundraâ€“taiga transition. Hydrology and Earth System Sciences; 22(7); 3993-4014.  org/
,Krogh; S. A.; & Pomeroy; J. W. (2019). Impact of Future Climate and Vegetation on the Hydrology of an Arctic Headwater Basin at the Tundraâ€“Taiga Transition. Journal of Hydrometeorology; 20(2); 197-215.  0.1175/JHM-D-18-0187.1
10.3389/fenvs.2019.00010,Kythreotis A.P.; Mantyka-Pringle C.; Mercer T.G.; Whitmarsh L.E.; Corner A.; Paavola J.; Chambers C.D.; Miller B.; Light A. and Castree N. (2019) Citizen Social Science for more integrative and effective climate action and policy. Frontiers in Environmental Science. 7: 1-10.
,L. Chen; Y. Li; F. Chen; M.l. Barlage; Z. Zhang; Z. Li; 2018: Using 4-km WRF CONUS simulations to assess impacts of the surface coupling strength on regional climate simulation. Submitted; Climate Dynamics (in revision).
10.1007/s00382-019-04754-9,L. Scaff; A. F. Prein; Y. Li; C. Liu; R. Rasmussen; K. Ikeda; 2019: Simulating the diurnal cycle of convective precipitation in North Americaâ€™s current and future climate with a convection- permitting model; Climate Dynamics;
10.1002/2017GL075974,Leonard; R. M.; Kettridge; N.; Devito; K. J.; Petrone; R. M.; Mendoza; C. A.; Waddington; J. M.; & Krause; S. (2018). Disturbance Impacts on Thermal Hot Spots and Hot Moments at the Peatland Atmosphere Interface. Geophysical Research Letters; 45(1); 185-193.
,Leroux NR; Pomeroy JW; (2018). Simulation of Capillary Pressure Overshoot in Snow Combining Trapping of the Wetting Phase with a Nonequilibrium Richards Equation Model; Water Resources Research; 55(1): 1 - 13.  10.1029-2018-WR022969.
,Leroux NR; Pomeroy JW; Helgason WD; (2018). Impact of Heat Convection Induced by Topography-Driven Air Ventilation on Snow Surface Temperature. Paper presented at 75th Eastern Snow Conference (pp.20-26)
10.1029/2018WR022969,Leroux NR; Pomeroy JW. 2018. Simulation of Capillary Pressure Overshoot in Snow Combining Trapping of the Wetting Phase with a Nonequilibrium Richards Equation Model; Water Resources Research; 55(1): 1 - 13.  10.1029-2018-WR022969
,Leroux; N.R.; Pomeroy; J.W.; Helgason; W.D.; (2018). Impact of Heat Convection Induced by Topography-Driven Air Ventilation on Snow Surface Temperature. Paper presented at 75th Eastern Snow Conference (pp.20-26).
10.1029/2019GL082908,Li; C.; F.W. Zwiers; X. Zhang; G. Chen; G. Li; J. Norris; Y. Tan; 2019b: Larger increases in more extreme local precipitation events in a warmer climate. Submitted; Geophysical Research Letters (in revision).
10.1029/2018EF001001,Li; C.; F.W. Zwiers; X. Zhang; G. Li; 2019a: How much information is required to well-constrain local estimates of future precipitation extremes? Earthâ€™s Future; https://doi. org/
10.1016/j.envpol.2018.11.007,Li; C.-C.; W.-Y. Feng; H.-Y. Chen; X.-F. Li; F.-H. Song; W.-J. Guo; J.P. Giesy and F.-H. Sun. 2019. Temporal Variation in Zooplankton and Phytoplankton Community Species Composition and the Affecting Factors of Lake Taihu-a Large Freshwater Lake in China. Environ. Pollut. 245:1050-1057. org/
10.1039/c8cc07062h,Li; D.; Liu; B.; Huang; P-J. J.; Zhang; Z.; Liu; J. Highly Active Fluorogenic Oxidase-Mimicking NiO Nanozymes; Chem. Commun.; 2018; 54; 12519-12522.
10.1111/gcb.14297,Li; X.; Xiao J.; He; B.; Arain; M.A.; Beringer; J.; Desai; A.R.; Emmel; C.; Hollinger; D.Y.; Krasnova; A.; Mammarella; I.; Noe; S.M.; Ortiz; P.S.; Rey-Sanchez; A.C.; Rocha; A.V.; & Varlagin; A. (2018). Solar-induced chlorophyll fluorescence is strongly correlated with terrestrial photosynthesis for a wide variety of biomes: First global analysis based on OCO-2 and flux tower observations. Global Change Biology; 24(9); 3990-4008.
10.1111/gcb.14297,Li; X.; Xiao J.; He; B.; Arain; M.A.; Beringer; J.; Desai; A.R.; Emmel; C.; Hollinger; D.Y.; Krasnova; A.; Mammarella; I.; Noe; S.M.; Ortiz; P.S.; Rey-Sanchez; A.C.; Rocha; A.V.; & Varlagin; A. (2018). Solar-induced chlorophyll fluorescence is strongly correlated with terrestrial photosynthesis for a wide variety of biomes: First global analysis based on OCO-2 and flux tower observations. Global Change Biology; 24(9); 3990-4008.
10.5194/hess-22-5057-2018,Li; Z.; Li; Y.; Bonsal; B.; Manson; A.; Scaff; L.; 2018. Combined Impacts of ENSO and MJO on the 2015 Growing Season Drought over the Canadian Prairies; Hydrol. Earth Syst. Sci.; 22; 5057â€“5067.
,Liang Chen; Yanping Li; Fei Chen; Michael Barlage; Zhe Zhang; Zhenhua Li; (2018): Using 4-km WRF CONUS simulations to assess impacts of the surface coupling strength on regional climate simulation; Climate Dynamics; MS No. CLDY-D-18-00001; (in revision)
10.3390/rs11030307,Lindenschmidt; K.-E. and Li; Z. (2019) Radar scatter decomposition to differentiate between running ice accumulations and intact ice covers along rivers. Remote Sensing 11: 307. https://dx.doi.org/
10.3390/w11010095,Lindenschmidt; K.-E.; Carstensen; D.; FrÃ¶hlich; W.; Hentschel; B.; Iwicki; S.; KÃ¶gel; K.; Kubicki; M.; Kundzewicz; Z.W.; Lauschke; C.; t.azarÃ³w; A.; t.oÅ›; H.; Marszelewski; W.; Niedzielski; T.; Nowak; M.; PawÅ‚owski; B.; Roers; M.; Schlaffer; S. and Weintrit; B. (2019) Development of an ice-jam flood forecasting system for the lower Oder River â€“ requirements for real-time predictions of water; ice and sediment transport. Water 11: 95. https://dx.doi.org/
10.2134/jeq2018.12.0437,Liu J.; Elliott; J.; Wilson; H.; and Baulch; H.; 2019 (in press). Impacts of soil phosphorus drawdown on snowmelt and rainfall runoff water quality. Journal of Environmental Quality.
10.2134/jeq2019.03.0119,Liu; J.; Elliott; J.; Baulch; H.; Macrae; M.L.; Wilson; H. Impacts of Crops and Crop Residues on Phosphorus Losses in Cold Climates: A Review. Journal of Environmental Quality (in press; submitted November 2018).
10.5194/hess-22-3903-2018,Liu; Y.; Zarfl; C.; Basu; N. B.; Schwientek; M.; and Cirpka; O. A. (2018). Contributions of catchment and in-stream processes to suspended sediment transport in a dominantly groundwater- fed catchment; Hydrol. Earth Syst. Sci.; 22; 3903-3921;
,Logar; I.; Brouwer; R. and Paillex; A. (2019). Do the societal benefits of river restoration outweigh their costs? A cost-benefit analysis. Journal of Environmental Management; 232: 1075- 1085. i. Data provided in the supplementary material.
10.5194/bg-15-5287-2018,Loranty; M.M.; Abbott; B.W.; Blok; D. et al. incl. Sonnentag; O. (2018); Changing ecosystem influences on soil thermal regimes in northern high-latitude permafrost regions. Biogeosciences; 15; 5287-5313.
,Lucia Scaff; Andreas F. Prein; Yanping Li; Changhai Liu; Roy Rasmussen; Kyoko Ikeda; (2019): Simulating the diurnal cycle of convective precipitation in North Americaâ€™s current and future climate with a convection- permitting model; Climate Dynamics; (in press)
10.1002/2017JG003978,Luo; X.; Chen; J.M.; Liu; J.; Black; A.; Croft; H.; Staebler; R.; He; L.; Arain; A.; Chen; B.; Mo; G.; Gonsamo; A.; & Harry; M. (2018). Comparison of Big-Leaf; Two-Big-Leaf; and Two-Leaf Upscaling Schemes for Evapotranspiration Estimation Using Coupled Carbon-Water Modeling. Journal of Geophysical Research: Biogeosciences; 123; 207-225.
10.1002/2017JG003978,Luo; X.; Chen; J.M.; Liu; J.; Black; A.; Croft; H.; Staebler; R.; He; L.; Arain; A.; Chen; B.; Mo; G.; Gonsamo; A.; & Harry; M. (2018). Comparison of Big-Leaf; Two-Big-Leaf; and Two-Leaf Upscaling Schemes for Evapotranspiration Estimation Using Coupled Carbon-Water Modeling. Journal of Geophysical Research: Biogeosciences; 123; 207-225.
10.1016/j.scitotenv.2017.12.024,Maavara; T.; Slowinski; S.; Rezanezhad; F.; Van Meter; K.; and Van Cappellen; P. (2018). The role of groundwater discharge fluxes on Si:P ratios in a major tributary to Lake Erie. Science of the Total Environment; 622-623; 814-824.
,Macrae; Merrin L.; "Temporal variability in nutrient transport in a first-order agricultural basin in southern Ontario" (2004). Theses and Dissertations (Comprehensive). 492. https://scholars.wlu.ca/etd/492
10.1016/j.envsoft.2018.11.018,Maier H.R.; Razavi S.; Kapelan; Z.; Matott L.S.; Kasprzyk J.; and Tolson; B.A.; (2019); Introductory Overview: Optimization using Evolutionary Algorithms and other Metaheuristics; Environmental Modelling & Software (Invited Contribution).
10.1145/3290605.3300870,Mairena; A.; Gutwin; C.; and Cockburn; A. (2019) Peripheral Notifications in Large Displays: Effects of Feature Combination and Task Interference; Proceedings of the ACM Conference on Human Factors in Computing Systems (CHI 2019); ACM Press; in press.
10.1111/ddi.12990,Mantyka-Pringle C; Leston L; Messmer D; Asong E; Bortolotti L; Bayne E; Sekulic G; Wheater H; Howerter D & Clark R. Antagonistic; Synergistic and Direct Effects of Land Use and Climate on Aquatic and Avian Communities: Ghosts of the Past or Present? Diversity & Distributions. In review.
10.1002/etc.3986,Marjan; P.; G.J. Van Der Kraak; D.L. MacLatchy; M.L.M. Fuzzen; L.M. Bragg; M.E. McMaster; G.R. Tetreault and M.R. Servos. 2018. Assessing recovery of in vitro steroid production in male rainbow darter (Etheostoma caeruleum) in response to municipal wastewater treatment plant infrastructure changes. Environmental Toxicology and Chemistry. 37(2):501-514. http://doi.org/
,Markelov; I.; Couture; R.M.; Fisher; R.; Haande; S.; and Van Cappellen; P. (2019). Coupling Water Column Dynamics with Sediment Diagenesis to Model the Response of Lakes to Climate Change; Internal Loads and Restoration Measures. Journal of Geophysical Research â€“ Biogeosciences. (Submitted and Under Review). i. Published Data: see D1 (Data  http://dx.doi.org/
10.1016/j.cageo.2018.06.009,Marsh CB; Spiteri RJ; Pomeroy JW; Wheater HS; (2018). Multi-objective unstructured triangular mesh generation for use in hydrological and land surface models; Computers and Geosciences; 119: 49 - 67.  org/
10.1016/j.cageo.2018.06.009,Marsh CB; Spiteri RJ; Pomeroy JW; Wheater HS; 2018. Multi-objective unstructured triangular mesh generation for use in hydrological and land surface models; Computers and Geosciences; 119: 49 - 67.  https://
10.1016/j.cageo.2018.06.009,Marsh CB; Spiteri RJ; Pomeroy JW; Wheater HS. 2018. Multi-objective unstructured triangular mesh generation for use in hydrological and land surface models; Computers and Geosciences; 119: 49 - 67.  org/
10.1016/j.cageo.2018.06.009,Marsh; C. B.; Spiteri; R. J.; Pomeroy; J. W.; & Wheater; H. S. (2018). Multi-objective unstructured triangular mesh generation for use in hydrological and land surface models. Computers & geosciences; 119; 49-67.  org/
10.1016/j.cageo.2018.06.009,Marsh; C.B.; Spiteri; R.J.; Pomeroy; J.W. ; and Wheater; H.S (2018). Multi-objective unstructured triangular mesh generation for use in hydrological models; Computers andGeosciences; 119; pp. 49-67.
10.1111/conl.12604,Martin T.G.; Kehoe L.; Mantyka-Pringle C.; Chades I.; Wilson S.; Bloom R.; David S.; Fisher R.; Mehl K.; Prieto D.; Wayland M.; Wellicome T.; Zimmer K.; and Smith P. (2018) Prioritizing recovery funding to maximize conservation of endangered species. Conservation Letters.
10.5194/gi-7-195-2018,Mavrovic; A.; Roy; A.; Royer; A.; Filali; B.; Boone; F.; Pappas; C.; Sonnentag; O. (2018); Di-electric characterization of vegetation at L-band using an open-ended coaxial probe. Geoscientific Instrumentation; Methods and Data Systems; 7; 195-208.
10.1007/s11273-018-9636-5,Mayner; K. M.; Moore; P. A.; Wilkinson; S. L.; Petrone; R. M.; & Waddington; J. M. (2018). Delineating boreal plains bog margin ecotones across hydrogeological settings for wildfire risk management. Wetlands Ecology and Management; 26(6); 1037-1046.
10.1016/j.foreco.2018.03.042,McKenzie; S.M.; Slater; G.; Kim; S-T.; Pisaric; M.; & Arain; M. (2018). Influence of seasonal temperature on tree-ring Î´13C in different-aged temperate pine forests. Forest Ecology and Management; 419â€“420; 197â€“205.
10.1016/j.foreco.2018.03.042,McKenzie; S.M.; Slater; G.; Kim; S-T.; Pisaric; M.; & Arain; M. (2018). Influence of seasonal temperature on tree-ring Î´13C in different-aged temperate pine forests. Forest Ecology and Management; 419 420; 197â€“205.
,Md. Anaytul Islam; Moksedul Islam; Manishankar Mondal; Banani Roy; Chanchal K. Roy; Kevin A. Schneider. Detecting Evolutionary Coupling Using Transitive Association Rules. In Proc. of the 18th IEEE International Working Conference on Source Code Analysis and Manipulation (SCAM 2018); pp. 113-122; Madrid; Spain; September 2018.
10.1101/570275,Megan L. Larsen; Helen M. Baulch; Sherry L. Schiff; Dana F. Simon; SÃ©bastien SauvÃ©; Jason J. Venkiteswaran. 2019. Extreme midsummer rainfall event drives early onset cyanobacterial bloom. bioRxiv 570275;
10.1016/j.cbpb.2017.11.011,Mehdi; H.; F.H. Dickson; L.M. Bragg; M.R. Servos; P.M. Craig. 2018. Impacts of wastewater treatment plant effluent on energetics and stress response of rainbow darter (Etheostoma caeruleum) in the Grand River watershed. Comparative Biochemistry and Physiology; Part B 224:270-279.
10.1029/2018GL080942,Menounos B; Hugonnet R; Shean E; Gardner A; Howat I; Berthier E; Pelto B; Tennant C; Shea J; Noh M; Brun F; Dehecq A. 2018. Heterogeneous changes in western North American glaciers linked to decadal variability in zonal wind strength. Geophysical Research Letters.
10.5194/bg-2017-393,Migliavacca; M.; Montagnani; L.; Oechel; W.; Pavelka; M.; Peichl; M.; Rambal; S.; Raschi; A.; Scott; R. L.; Vaccari; F. P.; van Gorsel; E.; Varlagin; A.; Wohlfahrt; G.; & Mahecha; M. D. (2018). Impacts of droughts and extreme temperature events on gross primary production and ecosystem respiration: a systematic assessment across ecosystems and climate zones; Biogeosciences Discussion; 15; 1293-1318. doi.org/
10.2136/vzj2018.04.0084,Mohammed; A.A.; Kurylyk; B.L.; Cey; E.E. and Hayashi; M. (2018) Snowmelt infiltration and macropore flow in frozen soils: overview; knowledge gaps and a conceptual framework. Vadose Zone Journal; 17: 180084.
10.1145/3206505,Mollashahi; E.; Uddin; S.; and Gutwin; C. (2018). Improving revisitation in long documents with two-level artificial-landmark scrollbars. Proceedings of the 2018 International Conference on Advanced Visual Interfaces (AVI '18). ACM Press; 1-9.
,Molot L; Schiff S.; Venkiteswaran J.; Baulch H; Higgins S.; Zastepa A; Verschoor M.; Walters D. Guiding principles for preventing and mitigating cyanobacteria blooms: integrating nutrient limitation and sediment redox science into watershed management. Submission summer 2019 (currently in revision).
,Monthly Variations of Unregulated Brominated Disinfection By-Products are Primarily Associated with Total Bromine in Chlorinated Water (2018). Christena Watts; Jianxian Sung; Paul D. Jones; John P. Giesy; Hui Peng (Environ. Sci. Technol. SUBMITTED)
10.3390/w10101438,Morales-MarÃ­n; L.; Wheater; H. and Lindenschmidt; K.-E. (2018) Potential changes of annual- averaged nutrient export in the South Saskatchewan River basin under climate and land- use change scenarios. Water 10: 1438. http://dx.doi.org/
10.1016/j.envsoft.2019.01.009,Morales-MarÃ­n; L.A.; Sanyal; P.R.; Kadowaki; H.; Li; Z.; Rokaya; P. and Lindenschmidt; K.-E. (2019) A hydrological and water temperature modelling framework to simulate the timing of river freeze-up and ice-cover  breakup  in large-scale  catchments.  Environmental  Modeling   and Software 114: 49â€“63.
,Natali; S.M.; Watts; J.D.; Potter; S. et al. incl. Sonnentag; O. Substantial winter CO2 losses shift the Arctic to a carbon source under current and future climates. Nature Climate Change; in review.
10.2136/vzj2017.10.0176,Noorduijn; S.L.; Hayashi; M.; Mohammed; G.A. and Mohammed; A.A. (2018) A coupled soil water balance model for simulating depression-focused groundwater recharge. Vadose Zone Journal; 17: 170176.
10.1016/j.forpol.2018.12.007,Ovando P. and Brouwer; R. (2019). A review of economic approaches modeling the complex interactions between forest management and watershed services. Journal of Forest Policy and Economics; 100: 164-176. i. Data provided in the supplementary material.
10.1093/treephys/tpy043,Pappas; C.; Matheny; A.; Baltzer; J.L.; Barr; A.; Black; T.A.; Bohrer; G.A.; Detto; M.; Maillet; J.; Roy; A.; Sonnentag; O.; Stephens; J. (2018); Boreal tree hydrodynamics: asynchronous; diverging; yet complementary. Tree Physiology; 38; 953-964. ** This paper was the front cover feature for this issue of the journal.
,Parisien; M. A.; Robinne; F. N.; Perez; J. Y.; Denave; B.; DeLancey; E. R.; & Doche; C. (2018). ScÃ©narios de probabilitÃ© et puissance potentielle des feux de vÃ©gÃ©tation dans le dÃ©partement des Landes; France. Canadian Journal of Forest Research; 48(12); 1587- 1600.
,Parmentier; F.J.W.; Sonnentag; O.; Mauritz; M.; Virkkala; A.-M.; Schuur; E.A.G. Rapid change across the northern permafrost zone calls for a joint assessment of its net CO2 exchange. Eos; in review
10.5194/hess-2018-423,Pavlovskii; I.; Hayashi; M. and Itenfisu; D. 2019. Effects of midwinter snowmelt on runoff generation and groundwater recharge in the Canadian prairies. Hydrology and Earth System Sciences;
10.1016/j.jhydrol.2017.09.053,Pavlovskii; I.; Hayashi; M. and Lennon; M.R. (2018) Transformation of snow isotopic signature along groundwater recharge pathways in the Canadian Prairies. Journal of Hydrology; 563: 1147-1160.
10.1016/j.apsusc.2018.10.041,Pei Zhao; Ning Qin; Carolyn L. Ren; John Z. Wen; â€œPolyamide 6.6 separates oil/water due to its dual underwater oleophobicity/underoil hydrophobicity: Role of 2D and 3D porous structures";	Appl	Surf	Sci;	466	(2019)	282.
10.1016/j.apsusc.2019.03.152,Pei Zhao; Ning Qin; Carolyn L. Ren; John Z. Wen; â€œSurface modification of polyamide meshes and nonwoven fabrics by plasma etching and a PDA/cellulose coating for oil/water separation"; Appl Surf Sci; accepted.
10.5281/zenodo.2560163,Peltola; O.; Vesala; T.; Gao; Y. et al. incl. Sonnentag; O. Monthly gridded data product of northern wetland methane emissions based on upscaling eddy covariance observations. Earth System Science Data; in review.
10.1111/nph.15241,Peters; R.; Fonti; P.; Frank; D.; Poyatos; R.; Pappas; C. et al. incl. Sonnentag; O. and Baltzer; J. (2018); Quantification of uncertainties in tree sap ow measured with the thermal dissipation method. New Phytologist; 219; 1283-1299.
10.1145/3173574,Petford; J.; Nacenta; M.; and Gutwin; C. (2018) Pointing All Around You: Selection Performance of Mouse and Ray-Cast Pointing in Full-Coverage Displays; Proceedings of the ACM Conference on Human Factors in Computing Systems (CHI 2018); ACM Press; paper 533.
10.5194/hess-2019-59,Piovano TI; Tetzlaff D; Carey SK; Shatilla NJ; Smith A; Soulsby C. 2019. Spatially-distributed tracer- aided runoff modelling and dynamics of storage and water ages in a permafrost- influenced catchment. Hydrol. Earth Syst. Sci. Discuss.;
,Pisek; J.; Buddenbaum; H.; Camacho; F. et al. incl. Sonnentag; O. (2018); Data synergy between leaf area index and clumping index from Earth Observation products using photon recollision probability theory. Remote Sensing of Environment; 215; 1-6.
10.1016/j.jglr.2018.07.005,Plach; J.; Macrae; M.L.; King; K.; Williams; M. and Lee; B.; 2018. Dominant glacial landforms in the Lake Erie watershed exhibit differences in soil phosphorus chemistry and potential risk for phosphorus loss. Journal of Great Lakes Research 44(5): 10571067.
,Plach; J.; Pluer; W.; Macrae; M.; Kompanizare; M.; McKague; K.; Carlow; R.; Brunke R. â€œAgricultural edge of field phosphorus losses in Ontario; Canada: Importance of the non-growing season in cold regionsâ€. Journal of Environmental Quality (in press).  [JEQ-2018-11- 0418-AWG.R1]
,Poirier E; ThÃ©riault JM; Leriche M. 2019. Role of sublimation on a rain-snow transition in the Kananaskis Valley; Alberta; Hydrol. Earth Syst. Sci. Discussion [relevant to both SPADE and MWF]
,Poirier; E; J M ThÃ©riault and M Leriche (2019); Role of sublimation on a rain-snow transition in the Kananaskis Valley; Alberta; Hydrol. Earth Syst. Sci. Discussion
,Po-Jung Jimmy Huang; Woohyun J. Moon and Juewen Liu*; "Instantaneous Iodine-assisted DNAzyme Cleavage of phosphorothioate RNA"; Biochemistry; 58; 422â€“429 (2019).
,Prosenjit Bose; Paz Carmi; Saeed Mehrabi; J. Mark Keil; and Debajyoti Mondal. Boundary Labeling for Rectangular Diagrams. In Proceedings of the 16th Scandinavian Symposium and Workshops on Algorithm Theory (SWAT); vol 101; pp. 12:1-12:14; LIPIcs; 2018.
10.5194/hess-23-2015-2019,Quinton; W.L.; Berg; A.A.; Braverman; M. et al. incl. Sonnentag; O. A synthesis of three decades of eco-hydrological research at Scotty Creek; NWT; Canada. Hydrology and Earth System Science; accepted.
,Rashid; Ibrahim O.; "Evaluation of SWAT Model Applicability in a First-Order Agricultural Watershed in Southern Ontario" (2014). Geography & Environmental Studies Theses and Dissertations. 1. https://scholars.wlu.ca/geog_etd/1
10.1175/JHM-D-18-0166.1,Rasouli K; Pomeroy J; Whitfield PH; (Accepted). Hydrological Responses of Headwater Basins to Monthly Perturbed Climate in the North American Cordillera; Journal of Hydrometeorology (March 11; 2019).
10.1175/JHM-D-18-0166.1,Rasouli K; Pomeroy J; Whitfield PH. (Accepted). Hydrological Responses of Headwater Basins to Monthly	Perturbed	Climate in	the	North	American	Cordillera;	Journal	of Hydrometeorology (March 11; 2019).
10.5194/essd-11-89-2019,Rasouli K; Pomeroy JW; Janowicz JR; Williams TJ; Carey SK; (2019). A long-term hydrometeorological dataset (1993-2014) of a northern mountain basin: Wolf Creek Research Basin; Yukon Territory; Canada; Earth System Science Data; 11: 89 - 100.
10.5194/essd-11-89-2019,Rasouli K; Pomeroy JW; Janowicz JR; Williams TJ; Carey SK; (2019). A long-term hydrometeorological dataset (1993-2014) of a northern mountain basin: Wolf Creek Research Basin; Yukon Territory; Canada; Earth System Science Data; 11: 89 - 100.
10.5194/essd-11-89-2019,Rasouli K; Pomeroy JW; Janowicz JR; Williams TJ; Carey SK. 2019. A long-term hydrometeorological dataset (1993-2014) of a northern mountain basin: Wolf Creek Research Basin; Yukon Territory; Canada; Earth System Science Data; 11: 89 - 100.
10.1175/JHM-D-18-0166.1,Rasouli; K.; Pomeroy; J. W.; & Whitfield; P. H. (2019). Hydrological Responses of Headwater Basins to Monthly Perturbed Climate in the North American Cordillera. Journal of Hydrometeorology; (2019).
10.5194/essd-11-89-2019,Rasouli; K.; Pomeroy; J. W.; Janowicz; J. R.; Williams; T. J.; & Carey; S. K. (2019). A long-term hydrometeorological dataset (1993â€“2014) of a northern mountain basin: Wolf Creek Research Basin; Yukon Territory; Canada. Earth System Science Data; 11(1); 89-100.
10.1080/22423982.2018.1510714,Ratelle M; Laird MJ; Majowicz S; Skinner K; Swanson H; Laird BD (2018). Design of a Community- Based Human Biomonitoring Project in the Northwest Territories Mackenzie Valley; Canada. Int J Circum Health. 77 (1): 1510714
10.1039/c8em00232k,Ratelle M; Li X; Laird BD (2018). Cadmium Exposure in First Nations Communities of the Northwest Territories: Smoking is a Greater Contributor that Consumption Cadmium- Accumulating Organ Meats. Environmental Science: Processes & Impacts. 20 (10): 1441- 1453.
10.1186/s13690-018-0318-9,Ratelle M; Skinner K; Laird MJ; Majowicz S; *Brandow D; *Packull-McCormick S; Bouchard M; Dieme D; Stark KD; Aristizabal Henao J; Hanning R; Laird BD (2018). Implementation of Human Biomonitoring in the Dehcho Region of the Northwest Territories; Canada. Archives of Public Health. 76:73.
10.1016/j.jhydrol.2017.11.053,Razavi; S.; and Vogel; R.; (2018); Prewhitening of hydroclimatic time series? Implications for inferred change and variability across time scales. Journal of Hydrology; 557; 109-115.
10.1016/j.envsoft.2018.12.002,Razavi; S.; Gupta; H. V.; (2019); A Multi-Method Generalized Global Sensitivity Matrix Approach to Accounting for the Dynamical Nature of Earth and Environmental Systems Models; Environmental Modelling & Software.
10.1016/j.envsoft.2018.10.005,Razavi; S.; Sheikholeslami; R.; Gupta; H. V.; Haghnegahdar; A.; (2019); VARS-TOOL: A Toolbox for Comprehensive; Efficient; and Robust Sensitivity and Uncertainty Analysis; Environmental Modelling & Software.
,Reid; KA; *Day; NJ; Johnstone; JF; Cumming; SG; Mack; MC; Turetsky; MR; Walker; XJ; Baltzer; JL. Black spruce seed availability in boreal forests after a large wildfire event. Forest Ecology and Management; in review.
10.1002/hyp.13585,Remmer CR; *T Owca; *L Neary; JA Wiklund; *M Kay; BB Wolfe and RI Hall. Delineating extent and magnitude of river flooding to lakes across a northern delta using water isotope tracers. Hydrological Processes; in review.
10.1002/lno.10787,Remmer; C.; *Klemt; W.; Wolfe; B; & Hall; R. (2018). Inconsequential effects of flooding in 2014: a new era of long-term drying at the Peace-Athabasca Delta; Alberta; Canada. Limnology & Oceanography; 63(4); 1502-1518.
10.1002/hyp.13585,Remmer; C.; *Owca; T.; *Neary; L.; Wiklund; J.; *Kay; M.; Wolfe; B. and R. Hall. (2018). Delineating extent and magnitude of river flooding to lakes across a northern delta using water isotope tracers. Hydrological Processes; in review
,Ridenour; C.; Parsons; C.; Marvin; C.; Fitzpatrick; M.; and Van Cappellen; P. (2019). Nutrient silicon cycling and limitation in a coastal embayment of a large lake (Hamilton Harbour; Lake Ontario; Canada). Journal of Geophysical Research â€“ Biogeosciences. (Submitted and Under	Review).i.	Published	Data:	see	D2	(Data	 http://dx.doi.org/
,Robinne; F. N.; Gallagher; L.; BrÃ©thaut; C.; & Schlaepfer; M. A. (2019). A novel tool for measuring the penetration of the ecosystem service concept into public policy. Ecosystem Services; 36; 100914.
,Rodrigo Fernandes Gomes Da Silva; Chanchal K. Roy; Md Masudur Rahman; Kevin Schneider; KlÃ©risson PaixÃ£o and Marcelo Maia. Recommending Comprehensive Solutions for Programming Tasks by Mining Crowd Knowledge. In Proc. of the 27th IEEE/ACM International Conference on Program Comprehension (ICPC 2019); Montreal; May; 2019; 12 pp. (to appear).
10.1007/s11069-018-3455-0,Rokaya; P.; Budhathoki; S. and Lindenschmidt; K.-E. (online) Ice-jam flood research: a scoping review. Natural Hazards. https://dx.doi.org/
,Rokaya; P.; Wheater; H.S. and Lindenschmidt; K.-E. (2019) Promoting sustainable ice-jam flood management along the Peace River and Peace-Athabasca Delta. Journal of Water Resources	Planning	and	Management	145(1):	04018085.
10.1061/(ASCE)WR.1943-5452.0001021,
10.1007/s11676-018-0666-x,Sakellariou; S.; Tampekis; S.; Samara; F.; Flannigan; M.; Jaeger; D.; Christopoulou; O.; & Sfougaris; A. (2019). Determination of fire risk to assist fire management for insular areas: the case of	a	small	Greek	island.	Journal	of	Forestry	Research;	30(2);	589-601.
10.5194/hess-22-3295-2018,Sapriza-Azuri; G.; Gamazo; P.; Razavi; S.; and Wheater; H. (2018); On the Appropriate Definition of Soil Profile Configuration and Initial Conditions for Land Surface-Hydrology Models in Cold Regions; Hydrology and Earth System Sciences; 22; 3295-3309;
10.1016/j.jglr.2018.11.008,Scavia; D.; S. Bocaniov; A. Dagnew; C. Long; Y.-C. Wang (2019). St. Clair-Detroit River system: Phosphorus mass balance and implications for Lake Erie load reduction; monitoring; and climate change. Journal of Great Lakes Research 45(1): 40-49 (This manuscript acknowledges the support from LF and GWF)
10.2134/jeq2018.12.0448,Schneider; K; B. McConkey; A. Thiagarajan; J. Elliott and K. Reid; 2019 (in press). Nutrient loss in snowmelt runoff: results from a long-term study in a dryland cropping system. Journal of Environmental Quality.
10.1029/2018WR024487,Shafii; M.; Craig; J.R.; Macrae; M.L.; English; M.C.; Schiff; S.L.; Capellen; P.V.; and Basu; N.B. (2019). Can Improved Flow Partitioning in Hydrologic Models Increase Biogeochemical Predictability? Water Resources Research; 55.
10.5194/hess-2019-81,Shatilla NJ; Carey SK. 2019. Assessing inter-annual and seasonal patterns of DOC and DOM quality across a complex alpine watershed underlain by discontinuous permafrost in Yukon; Canada. Hydrol. Earth Syst. Sci. Discuss.;
10.1029/2018EO098217,Sheikholeslami; R.*; and Razavi; S.; (2018); Avoiding the Guise of an Anonymous Review; Eos; 99; Transactions of American Geophysical Union.
10.1016/j.envsoft.2018.09.002,Sheikholeslami; R.; Razavi; S.; Gupta; H. V.; Becker; W.; and Haghnegahdar; A.; (2019); Global Sensitivity Analysis for High-Dimensional Problems: How to Objectively Group Factors and Measure Robustness and Convergence while Reducing Computational Cost; Environmental Modelling & Software.
10.5194/gmd-12-4275-2019,Sheikholeslami; R.; Razavi; S.; Haghnegahdar; A.; What Do We Do with Model Simulation Crashes? Recommendations for Global Sensitivity Analysis of Earth Systems Models; Geoscientific Model Development (under review).
,Slaughter; A.; and Razavi; S.; Paleo-hydrologic reconstruction of 400 years of past flows at a weekly time step for major rivers of Western Canada; submitted to Earth System Science Data.
10.2134/jeq2019.03.0136,Smith; D.A.; Macrae; M.L.; Kleinman; P.J.A.; Jarvie; H.P.; Bryant; R.B.; and King; K.W. The latitudes; attitudes and platitudes of watershed phosphorus management in North America. Journal of Environmental Quality. (under review; submitted January; 2019).
,Sniderhan AE; Mamet SD; Baltzer JL. Treeline to treeline: Non-uniform growth dynamics of a dominant boreal tree species in the face of rapid climate change. Journal of Biogeography; in revision.
10.1080/07011784.2018.1527256,Spence; C.; Wolfe; J.D.; Whitfield; C.J.; Baulch; H.M.; Basu; N.B.; Bedard-Haughn; A.K.; Belcher; K.W.; Clark; R.G.; Ferguson; G.A.; Hayashi; M.; Liber; K.; McDonnell; J.J.; Morrissey; C.A.; Pomeroy; J.W.; Reed; M.G.; and Strickert; G. (2018) Prairie water: a global water futures project to enhance the resilience of prairie communities through sustainable water management; Canadian Water Resources Journal / Revue canadienne des ressources hydriques;
10.1080/07011784.2018.1527256,Spence; C.;  Wolfe; J.D.; Whitfield; C.J.; Baulch; H.M.;  Basu; N.B.;  Bedard-Haughn; A.K.; Belcher; K.W.; Clark; R.G.; Ferguson; G.A.; Hayashi; M.; Liber; K.; McDonnell; J.J.; Morrissey; C.A.; Pomeroy; J.W.; Reed; M.G.; & Strickert; G. (2018). Prairie water: a global water futures project to enhance the resilience of prairie communities through sustainable water management; Canadian Water Resources Journal / Revue canadienne des ressources hydriques;
10.1080/07011784.2018.1527256,Spence; C.; Wolfe; J.D.; Whitfield; C.J.; Baulch; H.M.; Basu; N.B.; Bedard-Haughn; A.K.; Belcher; K.W.; Clark; R.G.; Ferguson; G.A.; Hayashi; M.; Liber; K.; McDonnell; J.J.; Morrissey; C.A.; Pomeroy; J.W.; Reed; M.G.; Strickert; G.; 2018. Prairie water: a global water futures project to enhance the resilience of prairie communities through sustainable water management; Canadian Water Resources Journal; 1 - 12.
10.1002/hyp.13308,Spennato; H. M.; Ketcheson; S. J.; Mendoza; C. A.; & Carey; S. K. (2018). Water table dynamics in a constructed wetland; Fort McMurray; Alberta. Hydrological Processes; 32(26); 3824- 3836.
10.1002/hyp.13135,Sprenger M; Tetzlaff D; Buttle J; Carey SK; McNamara J; Laudon H; Shatilla NJ; Soulsby C. 2018. Storage; mixing; and fluxes of water in the critical zone across northern environments inferred by stable isotopes of soil water. Hydrological Processes.
10.5194/hess-2019-51,Stewart; R. E.; K. K. Szeto; B. R. Bonsal; J. M. Hanesiak; B. Kochtubajda; Y. Li; J. M. ThÃ©riault; C. M. DeBeer; B. Y. Tam; Z. Li; Z. Liu; J. A. Bruneau; S. Marinier and D. Matte; 2019: A Review and Synthesis of Future Earth System Change in the Interior of Western Canada: Part I - Climate and Meteorology; Hydrology and Earth System Sciences (in revision).
10.1002/ecs2.2584,Stockdale; C. A.; McLoughlin; N.; Flannigan; M.; & Macdonald; S. E. (2019). Could restoration of a landscape to a preEuropean historical vegetation condition reduce burn probability?. Ecosphere; 10(2); e02584. doi
,Stone; L.; Fang; X.; Hayes; K. et al. incl. Sonnentag; O. Modelling the effects of permafrost loss on discharge from a wetland-dominated basin in the discontinuous permafrost zone in northwestern Canada. Hydrological Processes; in review.
10.1080/07055900.2019.1583088,St-Pierre; M; J M ThÃ©riault and D Paquin (2019) Influence of the model spatial resolution on atmospheric conditions leading to freezing rain in regional climate simulations; Atmos- Ocean; doi.org/
,Stralberg; D; Arsenault; D; Baltzer; JL; Barber; QE; Bayne; EM; Boulanger; Y; Brown; CD; Cooke; HA; Devito; K; Edwards; J; Estevo; CA; Flynn; N; Frelich; LE; Hogg; EH; Johnston; M; Logan; T; Matsuoka; SM; Moore; P; Morelli; TL; Morissette; JL; Nelson; EA; NenzÃ©n; H; Nielsen; SE; Parisien; M-A; Pedlar; JH; Price; DT; Schmiegelow; FKA; Slattery; SM; Sonnentag; O; Thompson; DK; Whitman; E. Climate-change refugia in boreal North America: what; where; and for how long? Frontiers in Ecology and the Environment; accepted.
10.5194/hess-22-4491-2018,ThÃ©riault JM; Hung I; Vaquer P; Stewart RE; Pomeroy J; (2018). Precipitation characteristics and associated weather conditions on the eastern slopes of the Rocky Mountains during March-April 2015; Hydrology and Earth System Sciences; 22(8): 4491 - 4512.
10.5194/hess-22-4491-2018,ThÃ©riault JM; Hung I; Vaquer P; Stewart RE; Pomeroy J. 2018. Precipitation characteristics and associated weather conditions on the eastern slopes of the Rocky Mountains during March-April  2015;  Hydrology  and  Earth  System  Sciences;  22(8):  4491  -  4512.
,Toure; P. Toose; *B. Majumder; P. Marsh; C. Derksen; G. Liston; P. Mann; *B. Walker; *E. Wilcox; H. Lu; M. Sturm; and C. Larsen. (2019). Quantifying snow accumulation across an Arctic shrub-tundra landscape. Environmental Review Letters; in preparation.
,Turetsky; M.R.; B. Abbott; T.E. Schuur; A.D. McGuire; C. Koven; D. Olelfeldt; M. Jones; K. Walter Anthony; G. Grosse. Abrupt thaw amplifies the permafrost carbon feedback. Nature Geoscience; in press
10.1126/science.aar4462,Van Meter; K. J.; Van Cappellen; P.; & Basu; N. B. (2018). Legacy nitrogen may prevent achievement of water quality goals in the Gulf of Mexico Science http://doi.org/
10.1002/lno.11353,Van Meter; KJ; Chowdhury; S; Brynes; D. and Basu; NB. (2019). Biogeochemical Asynchrony: Ecosystem Drivers of Seasonal Concentration Regimes across the Great Lakes Basin; Limnology and Oceanography. (Submitted and Under Review)
,von Buttlar; J.; Zscheischler; J.; Rammig; A.; Sippel; S.; Reichstein; M.; Knohl; A.; Jung; M.; Menzer; O.; Arain; M. A.; Buchmann; N.; Cescatti; A.; Gianelle; D.; Kieley; G.; Law; B. E.; Magliulo; V.; Margolis; H.; McCaughey; H.; Merbold; L.;
10.5194/bg-2017-393,von Buttlar; J.; Zscheischler; J.; Rammig; A.; Sippel; S.; Reichstein; M.; Knohl; A.; Jung; M.; Menzer; O.; Arain; M. A.; Buchmann; N.; Cescatti; A.; Gianelle; D.; Kieley; G.; Law; B. E.; Magliulo; V.; Margolis; H.; McCaughey; H.; Merbold; L.; Migliavacca; M.; Montagnani; L.; Oechel; W.; Pavelka; M.; Peichl; M.; Rambal; S.; Raschi; A.; Scott; R. L.; Vaccari; F. P.; van Gorsel; E.; Varlagin; A.; Wohlfahrt; G.; & Mahecha; M. D. (2018). Impacts of droughts and extreme temperature events on gross primary production and ecosystem respiration: a systematic assessment across ecosystems and climate zones; Biogeosciences Discussion; 15; 1293- 1318. doi.org/
,Walker; X.; Baltzer; J.; Barrett; K.; Bourgeau-Chavez; L.; Brown; C. L.; *Day; N. J.; de Groot; W. J.; Dieleman; C.; Enders; S.; Goetz; S.; Hoy; E. E.; Jenkins; L.; Johnstone; J.; Kane; E.; Natali; S.; Parisien; M.; Rogers; B. M.; Schuur; E. A. G.; Turetsky; M.; Veraverbeke; S.; Whitman; E. and Mack; M.: Bottom-up controls of area-based C emissions from boreal wildfires; Nature Geosciences; in review.
,Walker; XJ; Baltzer JL; Cumming SG; *Day NJ; Goetz S; Johnstone JF; Potter S; Rogers BM; Schuur EAG; Turetsky MR; Mack; MC. 2019. Vulnerability of legacy carbon to combustion increases with shortened fire return intervals in boreal forest. Nature; requested revision under review.
10.1111/gcb.14287,Walker; XJ; Rogers; BM; Baltzer; JL; Cumming; SR; *Day; NJ; Goetz; S; Johnstone; JF; Schuur; EAG; Turetsky; MR; Mack; MC. (2018) Cross-scale controls on carbon emissions from boreal mega-fires of the Northwest Territories; Canada. Global Change Biology; 24: 4251-4265
10.1007/s10021-019-00435-0,Wallace; C.A. and Baltzer; J.L. (2019). Tall shrubs mediate abiotic conditions and plant communities at the taiga- tundra ecotone. Ecosystems; in review.
10.1016/j.scitotenv.2018.11.361,Wang H; Tetzlaff D; Buttle J; Carey SK; Laudon H; McNamara JP; Spence C; Soulsby C. 2019. Climate-phenology-hydrology interactions in northern high latitudes: Assessing the value of remote sensing data in catchment ecohydrological studies. Science of the Total Environment. 656; 19-28.
,Wang X; Shaw E; Westbrook CJ; Bedard-Haughn A. 2018. Beaver dams induce hyporheic and biogeochemical changes to riparian areas in a mountain peatland. Wetlands 38(5): 1017- 1032.
10.3390/rs10111727,Wang; J.; C.R. Duguay; and D.A. Clausi; V. Pinard; and S.E.L. Howell; 2018. Semi-automated classification of lake ice cover using dual polarization RADARSAT-2 imagery. Remote Sensing; 10; 1727;
10.1111/gcb.14804,Wang; J.A.; Sulla-Menashe; D.; Woodcock; C.E.; Sonnentag; O.; Keeling; R.F.; Friedl; M.A. Extensive land cover change in Arctic-Boreal biomes from disturbance and climate forcing. Nature Geoscience; in review.
10.1002/eco.1975,Warren; R.K.; *Pappas; C.; Helbig; M.; Chasmer; L.E.; Berg; A.A.; Baltzer; J.L.; Quinton; W.L.; Sonnentag; O. (2018); Minor contribution of overstory transpiration to landscape evapotranspiration in boreal forest peatlands. Ecohydrology; 11; e1975.
10.1016/j.rse.2018.05.012,Wayand NE; Marsh CB; Shea JM; Pomeroy JW; (2018). Globally Scalable Alpine Snow Metrics; Remote Sensing of Environment; 213: 61 - 72. org/
,Westbrook CJ. 2019. (in press) Beavers as agents of landscape change. Oxford Bibliographies in Environmental Science. Accepted 2 April 2019
,Whitfield; C.; Casson; N.; North; R.; Venkiteswaran; J.; Ahmed; O.; Leathers; J.; Nugent; K.; Prentice; T.; and Baulch; H. (2019) The effects of freeze-thaw cycles on phosphorus release from riparian macrophytes in cold regions. Canadian Water Resources Journal. In review.
10.3390/f9030151,Whitman; E.; Parisien; M. A.; Thompson; D.; & Flannigan; M. (2018). Topoedaphic and forest controls on post-fire vegetation assemblies are modified by fire history and burn severity in the Northwestern Canadian Boreal Forest. Forests; 9(3); 151.
10.1101/512798,Whitman; T.; Whitman; E.; Woolet; J.; Flannigan; M. D.; Thompson; D. K.; & Parisien; M. A. (2019). Soil Bacterial and Fungal Response to Wildfires in the Canadian Boreal Forest Across a Burn Severity Gradient. bioRxiv; 512798.
10.1088/1748-9326/aaa136,Wilkinson; S. L.; Moore; P. A.; Flannigan; M. D.; Wotton; B. M.; & Waddington; J. M. (2018). Did enhanced afforestation cause high severity peat burn in the Fort McMurray Horse River wildfire?. Environmental Research Letters; 13(1); 014018.
10.1139/cjfr-2018-0217,Wilkinson; S. L.; Moore; P. A.; Thompson; D. K.; Wotton; B. M.; Hvenegaard; S.; Schroeder; D.; & Waddington; J. M. (2018). The effects of black spruce fuel management on surface fuel condition and peat burn severity in an experimental fire. Canadian Journal of Forest Research; 48(12); 1433-1440.
,Wolfe; J.D.; Shook; K.R.; Whitfield; C.J.; and Spence; C. Watershed Classification for the Canadian Prairies. Hydrology and Earth Systems Science Discussions. In review.
,Woroniuk; B.; *Tipton; K. Grasby; S.E.; McIntosh; J.C. and Ferguson; G. Accepted. Salt dissolution and permeability in the Western Canada Sedimentary Basin. Hydrogeology Journal 27: 161-170.
10.1038/s41893-018-0036-x,Wunder; S.; Brouwer; R.; Engel; S.; Ezzine-de-Blas; D.; Muradian; R.; Pacual; U.; Pinto; R. (2018). From principles to practice in paying for natureâ€™s services. Nature Sustainability 1(3): 145- 150.
10.1038/s41893-018-0036-x,Wunder; S.; Brouwer; R.; Engel; S.; Ezzine-de-Blas; D.; Muradian; R.; Pacual; U.; Pinto; R. (2018). From principles to practice in paying for natureâ€™s services. Nature Sustainability 1(3): 145-150. i. Data provided in the supplementary material.
10.1016/j.chemosphere.2018.10.210,Xiaohui Zhang; Song Tang*; Mao Wang; **; Weimin Sun; Yuwei Xie; Hui Peng; Aimin Zhong; Hongling Liu***; Xiaowei Zhang; Hongxia Yu; John P. Giesy; Markus Hecker. Acid mine drainage affects the diversity and metal resistance gene profile of sediment bacterial community along a river. Chemosphere. 2019 Feb; 217:790-799.
,Y.	Qin; A. U. Alam; S. Pan; M. M. Howlader; R. Ghosh; N.-X. Hu; H. Jin; S. Dong; C.-H. Chen; and M.J. Deen. â€œIntegrated water quality monitoring system with pH; free chlorine; and temperature sensorsâ€. Sensors and Actuators B: Chemical 255 (2018); pp. 781â€“790.
,Yassin; F.; Razavi; S.; Elshamy; M.; Davison; B.; and Wheater; H.; Representation of Water Management in Hydrological and Land Surface Models; submitted to Hydrology and Earth System Sciences.
10.5194/hess-2019-207,Yassin; F.; Razavi; S.; Wong; J.; Wheater; H.; Hydrologic-Land Surface Modelling of a Complex System under Significant Precipitation Uncertainty: a case study of the Saskatchewan River Basin; Canada; submitted to Hydrology and Earth System Sciences.
10.1016/j.envpol.2018.03.099,Yuwei Xie; Tilman Floehr; Xiaowei Zhang*; Hongxia Xiao; Jianghua Yang; Pu Xia; G. Allen Burton Jr.; Henner Hollert. In situ microbiota distinguished primary anthropogenic stressor in freshwater sediments. Environ Pollut. 2018 Aug; 239:189-197.
10.1016/j.envpol.2018.02.081,Yuwei Xie; Xiaowei Zhang*; Jianghua Yang; Seonjin Kim; Seongjin Hong; John P. Giesy; Un Hyuk Yim; Won Joon Shimg; Hongxia Yu; Jong Seong Khim**. eDNA-Based Bioassessment of Coastal Sediments Impacted by an Oil Spill. Environ Pollut. 2018 Jul; 238:739-748.
10.5194/hess-22-5057-2018,Z.	Li; Y. Li; B. Bonsal; A. Manson; L. Scaff; 2018: Combined Impacts of ENSO and MJO on the 2015 Growing Season Drought over the Canadian Prairies; Hydrol. Earth Syst. Sci.; 22; 5057â€“ 5067
10.1007/s00382-018-4508-5,Z. Zhang; Y. Li; F. Chen; M. Barlage; Z. Li; 2018: Evaluation of convection-permitting WRF CONUS simulation on the relationship between soil moisture and heatwaves; Climate Dynamics;
10.1007/s00382-018-4508-5,Zhand; Z.; Li; Y.; Chen; F.; Barlage; M.; Li; Z.; 2018. Evaluation of convection-permitting WRF CONUS simulation on the relationship between soil moisture and heatwaves. Climate Dynamics.
10.1016/j.chemosphere.2018.10.210,Zhang; Z.-H.; S. Tang; M. Wang; W.-M. Sun; Y.-W. Xie; H. Peng; A. Zhong; H.-L. Liu; X.-W. Zhang; H.-X. Yu; J.P. Giesy and M. Hecker. 2019. Acid Mine Drainage Affects the Diversity and Metal Resistence Gene Profile of Sediment Bacterial Community Along a River. Chemosphere. 217:790-799. org/
,Zhe Zhang; Yanping Li; Fei Chen; Michael Barlage; Zhenhua Li; (2018): Evaluation of convection- permitting WRF CONUS simulation on the relationship between soil moisture and heatwaves; Climate Dynamics;
,Zhenhua Li; Yanping Li; Barrie Bonsal; Alan Manson; Lucia Scaff; (2018): Combined Impacts of ENSO and MJO on the 2015 Growing Season Drought over the Canadian Prairies; Hydrol. Earth Syst. Sci.; 22; 5057â€“5067
10.1109/TGRS.2018.2848642,Zhu; J.; J. King; S. Tan; C. Derksen; J. Lemmetyinen; and L. Tsang. (2018). Forward and inverse radar modeling of terrestrial snow using SnowSAR data. IEEE Transactions on Geoscience and Remote Sensing; 56 (12);
,Zolfaghari; K.; M. Hoekstra; C. Duguay; D. Rudolph; and I. D'Souza; 2019 (in press). Canadian water microsatellite mission - concept design. Proceedings of 2019 IEEE International Geoscience & Remote Sensing Symposium; Yokohama; Japan; (4 pages).
,Zwieback; S.; & Berg; A. A. (2019). Fine-Scale SAR Soil Moisture Estimation in the Subarctic Tundra. IEEE Transactions on Geoscience and Remote Sensing.
10.1029/2018WR023247,Zwieback; S.; Westermann; S.; Langer; M.; Boike; J.; Marsh; P.; & Berg; A. (2019). Improving permafrost modeling by assimilating remotely sensed soil moisture. Water Resources Research.
